{

    "1.FirstName": "Gildong",
    "2.LastName": "Hong",
    "3.Age": 20,
    "4.University": "Gachon University",
    "5.Courses": [
        {
            "Classes": [
                "Probability",
                "Generalized Linear Model",
                "Categorical Data Analysis"
            ],
            "Major": "Statistics"
        },
        {
            "Classes": [
                "Data Structure",
                "Programming",
                "Algorithms"
            ],
            "Minor": "ComputerScience"
        }
    ]
}