Year,Country,Winner,Runners-Up,Third,Fourth,GoalsScored,ExpectedScored,QualifiedTeams,MatchesPlayed,Attendance
1930,Uruguay,Uruguay,Argentina,USA,Yugoslavia,70,80,13,18,590549
1934,Italy,Italy,Czechoslovakia,Germany,Austria,70,90,16,17,363
1938,France,Italy,Hungary,Brazil,Sweden,84,70,15,18,3757
1950,Brazil,Uruguay,Brazil,Sweden,Spain,88,90,13,22,1045246
1954,Switzerland,Germany FR,Hungary,Austria,Uruguay,140,117,16,26,768607
1958,Sweden,Brazil,Sweden,France,Germany FR,126,160,,35,81981
1962,Chile,Brazil,Czechoslovakia,Chile,Yugoslavia,89,90,16,32,893172
1966,England,England,Germany FR,Portugal,Soviet Union,89,199,16,,1563135
1970,Mexico,Brazil,Italy,Germany FR,Uruguay,,,16,32,1603975
1974,Germany,Germany FR,Netherlands,Poland,Brazil,97,110,16,38,1865753
1978,Argentina,Argentina,Netherlands,Brazil,Italy,102,150,,,
1982,Spain,Italy,Germany FR,Poland,France,146,120,24,52,2109723
1986,Mexico,Argentina,Germany FR,France,Belgium,132,90,24,52,2394031
1990,Italy,Germany FR,Argentina,Italy,England,115,80,,52,2516215
1994,USA,Brazil,Italy,Sweden,Bulgaria,141,160,24,,3587538
1998,France,France,Brazil,Croatia,Netherlands,171,100,32,64,2785100
2002,Korea/Japan,Brazil,Germany,Turkey,Korea Republic,161,160,32,64,2705197
2006,Germany,Italy,France,Germany,Portugal,,,32,64,3359439
2010,South Africa,Spain,Netherlands,Germany,Uruguay,145,140,32,64,3178856
2014,Brazil,Germany,Argentina,Netherlands,Brazil,171,131,32,64,3386810
